,Nama Mahasiswa,Berat Real,Berat Prediksi,ERROR,PERSEN PREDIKSI,PERSEN
0,Eka Kartini,57,58.51230724089602,-1.5123072408960212,0.9734682940193681,97.3468294019368
1,Nurhayati,47,41.238809376324554,5.761190623675446,0.8774214760920118,87.74214760920118
2,Sabrina Jasmine Rambu Diena ,70,47.07534313565682,22.924656864343177,0.6725049019379545,67.25049019379546
3,Elyas Randi Renaldi,41,59.47194601114999,-18.47194601114999,0.5494647314353661,54.946473143536615
4,Leohafs Sri Indrapura R Zain,60,58.43360610308757,1.5663938969124303,0.9738934350514595,97.38934350514596
